Nghia,TiengNhat,Romaji_PitchAccent
Ăn,食べる (たべる),t<span style="color:red">aberu</span>
Uống,飲む (のむ),n<span style="color:red">omu</span>
Xem,見る (みる),m<span style="color:red">iru</span>
Nghe,聞く (きく),k<span style="color:red">iku</span>
Đọc,読む (よむ),y<span style="color:red">omu</span>
Viết,書く (かく),k<span style="color:red">aku</span>
Mua,買う (かう),k<span style="color:red">au</span>
Chụp/Quay,撮る (とる),t<span style="color:red">oru</span>
Làm,する,s<span style="color:red">uru</span>
Gặp gỡ,会う (あう),a<span style="color:red">u</span>
Đi,行く (いく),i<span style="color:red">ku</span>
Đến,来る (くる),k<span style="color:red">uru</span>
Tôi,私 (わたし),wat<span style="color:red">ashi</span>
Bạn,あなた,an<span style="color:red">ata</span>
Người,人 (ひと),h<span style="color:red">ito</span>
Sách,本 (ほん),h<span style="color:red">on</span>
Máy tính,パソコン,pas<span style="color:red">okon</span>
Điện thoại,電話 (でんわ),denw<span style="color:red">a</span>
Nhà,家 (いえ),i<span style="color:red">e</span>
Trường học,学校 (がっこう),gakk<span style="color:red">ou</span>
Bạn bè,友達 (ともだち),tomod<span style="color:red">achi</span>
Thầy giáo,先生 (せんせい),sens<span style="color:red">ei</span>
Học sinh,学生 (がくせい),gakus<span style="color:red">ei</span>
Công việc,仕事 (しごと),shig<span style="color:red">oto</span>
Hạnh phúc,幸せ (しあわせ),shiaw<span style="color:red">ase</span>
Yêu,愛する (あいする),ais<span style="color:red">uru</span>
Đẹp,綺麗 (きれい),kir<span style="color:red">ei</span>
Khó,難しい (むずかしい),muzukash<span style="color:red">ii</span>
Dễ,易しい (やさしい),yasash<span style="color:red">ii</span>
Nóng,熱い (あつい),ats<span style="color:red">ui</span>
Lạnh,寒い (さむい),sam<span style="color:red">ui</span>
Mới,新しい (あたらしい),atarash<span style="color:red">ii</span>
Cũ,古い (ふるい),fur<span style="color:red">ui</span>
Lớn,大きい (おおきい),ook<span style="color:red">ii</span>
Nhỏ,小さい (ちいさい),chiis<span style="color:red">ai</span>
Xe hơi,車 (くるま),kur<span style="color:red">uma</span>
Con mèo,猫 (ねこ),n<span style="color:red">eko</span>
Con chó,犬 (いぬ),in<span style="color:red">u</span>
Bầu trời,空 (そら),s<span style="color:red">ora</span>
Biển,海 (うみ),um<span style="color:red">i</span>
Núi,山 (やま),yam<span style="color:red">a</span>
Sông,川 (かわ),kaw<span style="color:red">a</span>
Hoa,花 (はな),han<span style="color:red">a</span>
Cây,木 (き),k<span style="color:red">i</span>
Đi bộ,歩く (あるく),ar<span style="color:red">uku</span>
Chạy,走る (はしる),hash<span style="color:red">iru</span>
Đứng,立つ (たつ),t<span style="color:red">atsu</span>
Ngồi,座る (すわる),suw<span style="color:red">aru</span>
Nói,話す (はなす),han<span style="color:red">asu</span>
Tiền,お金 (おかね),okan<span style="color:red">e</span>
Giá cả,値段 (ねだん),ned<span style="color:red">an</span>
Đắt,高い (たかい),tak<span style="color:red">ai</span>
Rẻ,安い (やすい),yas<span style="color:red">ui</span>
Đúng,正しい (ただしい),tadash<span style="color:red">ii</span>
Sai,間違い (まちがい),machig<span style="color:red">ai</span>
Nhanh,速い (はやい),hay<span style="color:red">ai</span>
Chậm,遅い (おそい),os<span style="color:red">oi</span>
Cao,高い (たかい),tak<span style="color:red">ai</span>
Thấp,低い (ひくい),hik<span style="color:red">ui</span>
Dài,長い (ながい),nag<span style="color:red">ai</span>
Ngắn,短い (みじかい),mijik<span style="color:red">ai</span>
Đỏ,赤 (あか),ak<span style="color:red">a</span>
Xanh,青 (あお),a<span style="color:red">o</span>
Trắng,白 (しろ),shir<span style="color:red">o</span>
Đen,黒 (くろ),kur<span style="color:red">o</span>
Vàng,黄色 (きいろ),kiir<span style="color:red">o</span>
Trái đất,地球 (ちきゅう),chik<span style="color:red">yuu</span>
Mặt trời,太陽 (たいよう),taiy<span style="color:red">ou</span>
Mặt trăng,月 (つき),tsuk<span style="color:red">i</span>
Sao,星 (ほし),hosh<span style="color:red">i</span>
Gió,風 (かぜ),kaz<span style="color:red">e</span>
Mưa,雨 (あめ),am<span style="color:red">e</span>
Tuyết,雪 (ゆき),yuk<span style="color:red">i</span>
Đường,道 (みち),mich<span style="color:red">i</span>
Cửa,ドア,d<span style="color:red">oa</span>
Cửa sổ,窓 (まど),mad<span style="color:red">o</span>
Bàn,テーブル,teebur<span style="color:red">u</span>
Ghế,椅子 (いす),is<span style="color:red">u</span>
Giường,ベッド,bedd<span style="color:red">o</span>
Quần áo,服 (ふく),fuk<span style="color:red">u</span>
Mũ,帽子 (ぼうし),boush<span style="color:red">i</span>
Giày,靴 (くつ),kuts<span style="color:red">u</span>
Túi xách,鞄 (かばん),kab<span style="color:red">an</span>
Đồng hồ,時計 (とけい),tok<span style="color:red">ei</span>
Kính,眼鏡 (めがね),megan<span style="color:red">e</span>
Chìa khóa,鍵 (かぎ),kag<span style="color:red">i</span>
Giấy,紙 (かみ),kam<span style="color:red">i</span>
Bút,ペン,p<span style="color:red">en</span>
Thành phố,都市 (とし),tosh<span style="color:red">i</span>
Thôn quê,田舎 (いなか),inak<span style="color:red">a</span>
Công viên,公園 (こうえん),kou<span style="color:red">en</span>
Bệnh viện,病院 (びょういん),byouin<span style="color:red"> </span>
Ngân hàng,銀行 (ぎんこう),gink<span style="color:red">ou</span>
Bưu điện,郵便局 (ゆうびんきょく),yuubinkyok<span style="color:red">u</span>
Nhà ga,駅 (えき),ek<span style="color:red">i</span>
Sân bay,空港 (くうこう),kuuk<span style="color:red">ou</span>
Khách sạn,ホテル,hoter<span style="color:red">u</span>
Nhà hàng,レストラン,resutor<span style="color:red">an</span>
Cửa hàng,店 (みせ),mis<span style="color:red">e</span>
Siêu thị,スーパー,suup<span style="color:red">aa</span>
Đại học,大学 (だいがく),daig<span style="color:red">aku</span>
Thư viện,図書館 (としょかん),toshok<span style="color:red">an</span>
Bảo tàng,美術館 (びじゅつかん),bijutsuk<span style="color:red">an</span>
Phim,映画 (えいが),eig<span style="color:red">a</span>
Âm nhạc,音楽 (おんがく),ong<span style="color:red">aku</span>
Bài hát,歌 (うた),ut<span style="color:red">a</span>
Trò chơi,ゲーム,geem<span style="color:red">u</span>
Thể thao,スポーツ,supoots<span style="color:red">u</span>
Bóng đá,サッカー,sakk<span style="color:red">aa</span>
Bóng chày,野球 (やきゅう),yak<span style="color:red">yuu</span>
Bơi lội,水泳 (すいえい),sui<span style="color:red">ei</span>
Du lịch,旅行 (りょこう),ryok<span style="color:red">ou</span>
Lái xe,運転 (うんてん),unt<span style="color:red">en</span>
Nấu ăn,料理 (りょうり),ryo<span style="color:red">uri</span>
Dọn dẹp,掃除 (そうじ),souj<span style="color:red">i</span>
Giặt giũ,洗濯 (せんたく),sentak<span style="color:red">u</span>
Mua sắm,買い物 (かいもの),kaimon<span style="color:red">o</span>
Nói chuyện,話す (はなす),hanas<span style="color:red">u</span>
Suy nghĩ,考える (かんがえる),kanga<span style="color:red">eru</span>
Biết,知る (しる),shir<span style="color:red">u</span>
Hiểu,分かる (わかる),wak<span style="color:red">aru</span>
Thích,好き (すき),suk<span style="color:red">i</span>
Ghét,嫌い (きらい),kir<span style="color:red">ai</span>
Muốn,欲しい (ほしい),hosh<span style="color:red">ii</span>
Có,ある,ar<span style="color:red">u</span>
Không có,ない,n<span style="color:red">ai</span>
Làm,する,s<span style="color:red">uru</span>
Cho,あげる,ag<span style="color:red">eru</span>
Nhận,もらう,mor<span style="color:red">au</span>
Gặp,会う (あう),a<span style="color:red">u</span>
Đợi,待つ (まつ),mats<span style="color:red">u</span>
Tìm,探す (さがす),sagas<span style="color:red">u</span>
Giúp,助ける (たすける),tasuk<span style="color:red">eru</span>
Bắt đầu,始まる (はじまる),hajim<span style="color:red">aru</span>
Kết thúc,終わる (おわる),owar<span style="color:red">u</span>
Nhớ,覚える (おぼえる),obo<span style="color:red">eru</span>
Quên,忘れる (わすれる),wasur<span style="color:red">eru</span>
Chơi,遊ぶ (あそぶ),asob<span style="color:red">u</span>
Chào sáng,おはよう,ohay<span style="color:red">ou</span>
Chào hỏi,こんにちは,konnichiw<span style="color:red">a</span>
Chào tối,こんばんは,konbanw<span style="color:red">a</span>
Chúc ngủ ngon,おやすみ,oyasum<span style="color:red">i</span>
Bố,父 (ちち),chich<span style="color:red">i</span>
Mẹ,母 (はは),hah<span style="color:red">a</span>
Anh,兄 (あに),an<span style="color:red">i</span>
Chị,姉 (あね),an<span style="color:red">e</span>
Em trai,弟 (おとうと),otout<span style="color:red">o</span>
Em gái,妹 (いもうと),imout<span style="color:red">o</span>
Ông,祖父 (そふ),sof<span style="color:red">u</span>
Bà,祖母 (そぼ),sob<span style="color:red">o</span>
Con trai,息子 (むすこ),musuk<span style="color:red">o</span>
Con gái,娘 (むすめ),musum<span style="color:red">e</span>
Cơ thể,体 (からだ),karad<span style="color:red">a</span>
Đầu,頭 (あたま),atam<span style="color:red">a</span>
Mắt,目 (め),m<span style="color:red">e</span>
Tai,耳 (みみ),mim<span style="color:red">i</span>
Mũi,鼻 (はな),han<span style="color:red">a</span>
Miệng,口 (くち),kuch<span style="color:red">i</span>
Tay,手 (て),t<span style="color:red">e</span>
Chân,足 (あし),ash<span style="color:red">i</span>
Sức khỏe,健康 (けんこう),kenk<span style="color:red">ou</span>
Ốm,病気 (びょうき),byouk<span style="color:red">i</span>
Thuốc,薬 (くすり),kusur<span style="color:red">i</span>
Bác sĩ,医者 (いしゃ),ish<span style="color:red">a</span>
Công ty,会社 (かいしゃ),kaish<span style="color:red">a</span>
Nhân viên,社員 (しゃいん),shain<span style="color:red"> </span>
Cảnh sát,警察 (けいさつ),keisats<span style="color:red">u</span>
Lái xe,運転手 (うんてんしゅ),untensh<span style="color:red">u</span>
Đầu bếp,料理人 (りょうりにん),ryourinin<span style="color:red"> </span>
Nông dân,農家 (のうか),nouk<span style="color:red">a</span>
Kỹ sư,エンジニア,enjini<span style="color:red">a</span>
Đất nước,国 (くに),kun<span style="color:red">i</span>
Thế giới,世界 (せかい),sekai<span style="color:red"> </span>
Hướng,方向 (ほうこう),houk<span style="color:red">ou</span>
Bắc,北 (きた),kit<span style="color:red">a</span>
Nam,南 (みなみ),minam<span style="color:red">i</span>
Đông,東 (ひがし),higash<span style="color:red">i</span>
Tây,西 (にし),nish<span style="color:red">i</span>
Bên cạnh,隣 (となり),tonar<span style="color:red">i</span>
Phía trước,前 (まえ),ma<span style="color:red">e</span>
Phía sau,後ろ (うしろ),ushir<span style="color:red">o</span>
Năm,年 (とし),tosh<span style="color:red">i</span>
Tháng,月 (つき),tsuk<span style="color:red">i</span>
Tuần,週 (しゅう),shu<span style="color:red">u</span>
Ngày,日 (ひ),h<span style="color:red">i</span>
Giờ,時間 (じかん),jik<span style="color:red">an</span>
Phút,分 (ふん),f<span style="color:red">un</span>
Giây,秒 (びょう),byo<span style="color:red">u</span>
Sáng,朝 (あさ),as<span style="color:red">a</span>
Trưa,昼 (ひる),hir<span style="color:red">u</span>
Tối,晩 (ばん),ban<span style="color:red"> </span>
Đêm,夜 (よる),yor<span style="color:red">u</span>
Trước,前 (まえ),ma<span style="color:red">e</span>
Bây giờ,今 (いま),im<span style="color:red">a</span>
Sau,後 (あと),at<span style="color:red">o</span>
Luôn,いつも,itsum<span style="color:red">o</span>
Thỉnh thoảng,時々 (ときどき),tokidok<span style="color:red">i</span>
Hiếm,めったに,mettani<span style="color:red"> </span>
Đôi khi,たまに,taman<span style="color:red">i</span>
Gần đây,最近 (さいきん),saikin<span style="color:red"> </span>
Sớm,早く (はやく),hayak<span style="color:red">u</span>
Muộn,遅く (おそく),osok<span style="color:red">u</span>
Cùng nhau,一緒に (いっしょに),isshon<span style="color:red">i</span>
Rất,とても,totem<span style="color:red">o</span>
Khá,かなり,kanar<span style="color:red">i</span>
Hơi,少し (すこし),sukosh<span style="color:red">i</span>
Nhiều,たくさん,takus<span style="color:red">an</span>
Ít,少し (すこし),sukosh<span style="color:red">i</span>
Đủ,十分 (じゅうぶん),juub<span style="color:red">un</span>
Có lẽ,たぶん,tab<span style="color:red">un</span>
Chắc chắn,必ず (かならず),kanaraz<span style="color:red">u</span>
Màu trắng,白 (しろ),shir<span style="color:red">o</span>
Màu đen,黒 (くろ),kur<span style="color:red">o</span>
Màu đỏ,赤 (あか),ak<span style="color:red">a</span>
Màu xanh,青 (あお),a<span style="color:red">o</span>
Màu vàng,黄色 (きいろ),kiir<span style="color:red">o</span>
Màu xanh lá,緑 (みどり),midor<span style="color:red">i</span>
Màu nâu,茶色 (ちゃいろ),chair<span style="color:red">o</span>
Màu xám,灰色 (はいいろ),haiir<span style="color:red">o</span>
Màu hồng,ピンク,pink<span style="color:red">u</span>
Màu cam,オレンジ,orenj<span style="color:red">i</span>
Số 1,一 (いち),ich<span style="color:red">i</span>
Số 2,二 (に),n<span style="color:red">i</span>
Số 3,三 (さん),s<span style="color:red">an</span>
Số 4,四 (よん),y<span style="color:red">on</span>
Số 5,五 (ご),g<span style="color:red">o</span>
Số 6,六 (ろく),rok<span style="color:red">u</span>
Số 7,七 (なな),nan<span style="color:red">a</span>
Số 8,八 (はち),hach<span style="color:red">i</span>
Số 9,九 (きゅう),kyu<span style="color:red">u</span>
Số 10,十 (じゅう),juu<span style="color:red">u</span>
Trăm,百 (ひゃく),hyak<span style="color:red">u</span>
Nghìn,千 (せん),s<span style="color:red">en</span>
Vạn,万 (まん),m<span style="color:red">an</span>
Cái,個 (こ),k<span style="color:red">o</span>
Người,人 (にん),nin<span style="color:red"> </span>
Con,匹 (ひき),hik<span style="color:red">i</span>
Tờ,枚 (まい),ma<span style="color:red">i</span>
Cuốn,冊 (さつ),sats<span style="color:red">u</span>
Lần,回 (かい),ka<span style="color:red">i</span>
Chiếc,台 (だい),da<span style="color:red">i</span>
Ngôi,軒 (けん),ke<span style="color:red">n</span>
Đôi,足 (そく),sok<span style="color:red">u</span>
Mảnh,本 (ほん),h<span style="color:red">on</span>
Bản thân,自分 (じぶん),jib<span style="color:red">un</span>
Mọi người,皆 (みんな),minn<span style="color:red">a</span>
Ai,誰 (だれ),dar<span style="color:red">e</span>
Ở đâu,どこ,dok<span style="color:red">o</span>
Khi nào,いつ,its<span style="color:red">u</span>
Tại sao,なぜ,naz<span style="color:red">e</span>
Như thế,どう,d<span style="color:red">ou</span>
Bao nhiêu,いくら,ikur<span style="color:red">a</span>
Cái đó,それ,sor<span style="color:red">e</span>
Cái kia,あれ,ar<span style="color:red">e</span>
Đây,ここ,kok<span style="color:red">o</span>
Đó,そこ,sok<span style="color:red">o</span>
Kia,あそこ,asok<span style="color:red">o</span>
Phía này,こちら,kochir<span style="color:red">a</span>
Phía kia,あちら,achir<span style="color:red">a</span>
Gần,近く (ちかく),chikak<span style="color:red">u</span>
Xa,遠く (とおく),took<span style="color:red">u</span>
Trên,上 (うえ),u<span style="color:red">e</span>
Dưới,下 (した),shit<span style="color:red">a</span>
Trong,中 (なか),nak<span style="color:red">a</span>
Ngoài,外 (そと),sot<span style="color:red">o</span>
Giữa,間 (あいだ),aid<span style="color:red">a</span>
Trái,左 (ひだり),hidar<span style="color:red">i</span>
Phải,右 (みぎ),mig<span style="color:red">i</span>
Cố gắng,頑張る (がんばる),ganbar<span style="color:red">u</span>
Tin,信じる (しんじる),shinjir<span style="color:red">u</span>
Chờ,待つ (まつ),mats<span style="color:red">u</span>
Nhận,受け取る (うけとる),uketor<span style="color:red">u</span>
Đưa,渡す (わたす),watas<span style="color:red">u</span>
Thay đổi,変わる (かわる),kawar<span style="color:red">u</span>
Cần,必要 (ひつよう),hitsuyou<span style="color:red"> </span>
Quan trọng,大切 (たいせつ),taisets<span style="color:red">u</span>
Nguy hiểm,危険 (きけん),kik<span style="color:red">en</span>
An toàn,安全 (あんぜん),anz<span style="color:red">en</span>
Tự do,自由 (じゆう),jiy<span style="color:red">uu</span>
Vui,楽しい (たのしい),tanosh<span style="color:red">ii</span>
Buồn,悲しい (かなしい),kanash<span style="color:red">ii</span>
Giận,怒る (おこる),okor<span style="color:red">u</span>
Lo,心配 (しんぱい),shinp<span style="color:red">ai</span>
Bất ngờ,びっくり,bikkur<span style="color:red">i</span>
Mệt,疲れる (つかれる),tsukar<span style="color:red">eru</span>
Đói,空く (すく),suk<span style="color:red">u</span>
Khát,渇く (かわく),kawak<span style="color:red">u</span>
No,一杯 (いっぱい),ipp<span style="color:red">ai</span>
Buồn ngủ,眠い (ねむい),nem<span style="color:red">ui</span>
Sạch,綺麗 (きれい),kir<span style="color:red">ei</span>
Bẩn,汚い (きたない),kitan<span style="color:red">ai</span>
Sáng,明るい (あかるい),akar<span style="color:red">ui</span>
Tối,暗い (くらい),kur<span style="color:red">ai</span>
Rộng,広い (ひろい),hir<span style="color:red">oi</span>
Hẹp,狭い (せまい),sem<span style="color:red">ai</span>
Dày,厚い (あつい),ats<span style="color:red">ui</span>
Mỏng,薄い (うすい),usu<span style="color:red">i</span>
Mạnh,強い (つよい),tsuy<span style="color:red">oi</span>
Yếu,弱い (よわい),yow<span style="color:red">ai</span>
Đúng,正しい (ただしい),tadash<span style="color:red">ii</span>
Sai,違う (ちがう),chiga<span style="color:red">u</span>
Cùng,同じ (おなじ),onaj<span style="color:red">i</span>
Khác,違う (ちがう),chiga<span style="color:red">u</span>
Đặc biệt,特別 (とくべつ),tokubets<span style="color:red">u</span>
Bình thường,普通 (ふつう),futsu<span style="color:red">u</span>
Đơn giản,簡単 (かんたん),kant<span style="color:red">an</span>
Phức tạp,複雑 (ふくざつ),fukuzats<span style="color:red">u</span>
Bận,忙しい (いそがしい),isogash<span style="color:red">ii</span>
Rảnh,暇 (ひま),him<span style="color:red">a</span>
Khó khăn,大変 (たいへん),taih<span style="color:red">en</span>
Tiện,便利 (べんり),benr<span style="color:red">i</span>
Bất tiện,不便 (ふべん),fub<span style="color:red">en</span>
Thú vị,面白い (おもしろい),omoshir<span style="color:red">oi</span>
Chán,退屈 (たいくつ),taikuts<span style="color:red">u</span>
Ngọt,甘い (あまい),am<span style="color:red">ai</span>
Cay,辛い (からい),kar<span style="color:red">ai</span>
Mặn,塩辛い (しおからい),shiokar<span style="color:red">ai</span>
Đắng,苦い (にがい),nig<span style="color:red">ai</span>
Chua,酸っぱい (すっぱい),supp<span style="color:red">ai</span>
Giàu,金持ち (かねもち),kanemoch<span style="color:red">i</span>
Nghèo,貧乏 (びんぼう),binb<span style="color:red">ou</span>
Thông minh,賢い (かしこい),kashik<span style="color:red">oi</span>
Ngốc,馬鹿 (ばか),bak<span style="color:red">a</span>
Khỏe,元気 (げんき),genk<span style="color:red">i</span>
Cẩn thận,注意 (ちゅうい),chu<span style="color:red">ui</span>
Yên tĩnh,静か (しずか),shizuk<span style="color:red">a</span>
Ồn ào,賑やか (にぎやか),nigiyak<span style="color:red">a</span>
Lịch sự,丁寧 (ていねい),tein<span style="color:red">ei</span>
Thô lỗ,失礼 (しつれい),shitsur<span style="color:red">ei</span>
Làm việc,働く (はたらく),hatarak<span style="color:red">u</span>
Nghỉ,休む (やすむ),yasum<span style="color:red">u</span>
Sử dụng,使う (つかう),tsuka<span style="color:red">u</span>
Mang,持つ (もつ),mots<span style="color:red">u</span>
Đặt,置く (おく),ok<span style="color:red">u</span>
Mở,開ける (あける),ake<span style="color:red">ru</span>
Đóng,閉める (しめる),shime<span style="color:red">ru</span>
Bật,つける,tsuke<span style="color:red">ru</span>
Tắt,消す (けす),kes<span style="color:red">u</span>
Dạy,教える (おしえる),oshie<span style="color:red">ru</span>
Học,習う (ならう),narau<span style="color:red"> </span>
Thử,試す (ためす),tame<span style="color:red">su</span>
Chuẩn bị,準備 (じゅんび),junb<span style="color:red">i</span>
Quyết,決める (きめる),kime<span style="color:red">ru</span>
Nỗ lực,努力 (どりょく),doryok<span style="color:red">u</span>
Thành công,成功 (せいこう),seiko<span style="color:red">u</span>
Thất bại,失敗 (しっぱい),shippa<span style="color:red">i</span>
Gọi,電話 (でんわ),denw<span style="color:red">a</span>
Gửi,送る (おくる),oku<span style="color:red">ru</span>
Nhận,届く (とどく),todo<span style="color:red">ku</span>
Thuê,借りる (かりる),kari<span style="color:red">ru</span>
Cho thuê,貸す (かす),kas<span style="color:red">u</span>
Trả,払う (はらう),hara<span style="color:red">u</span>
Tặng,贈る (おくる),oku<span style="color:red">ru</span>
Bắt đầu,始める (はじめる),hajime<span style="color:red">ru</span>
Kết thúc,終える (おえる),oe<span style="color:red">ru</span>
Biến đổi,変化 (へんか),henk<span style="color:red">a</span>
Tăng,増える (ふえる),fue<span style="color:red">ru</span>
Giảm,減る (へる),he<span style="color:red">ru</span>
Dừng,止まる (とまる),toma<span style="color:red">ru</span>
Đỗ,駐車 (ちゅうしゃ),chuush<span style="color:red">a</span>
Du lịch,旅行 (りょこう),ryoko<span style="color:red">u</span>
Đi dạo,散歩 (さんぽ),sanp<span style="color:red">o</span>
Đăng ký,登録 (とうろく),tourok<span style="color:red">u</span>
Tham gia,参加 (さんか),sank<span style="color:red">a</span>
Hủy,キャンセル,kyanser<span style="color:red">u</span>
Liên lạc,連絡 (れんらく),renrak<span style="color:red">u</span>
Hẹn,約束 (やくそく),yakusok<span style="color:red">u</span>
Đón,迎える (むかえる),mukae<span style="color:red">ru</span>
Tiễn,見送る (みおくる),mioku<span style="color:red">ru</span>
Ghé,訪れる (おとずれる),otozure<span style="color:red">ru</span>
Quay lại,戻る (もどる),modo<span style="color:red">ru</span>
Về,帰る (かえる),kae<span style="color:red">ru</span>
Vượt qua,越える (こえる),koe<span style="color:red">ru</span>
Đi qua,通る (とおる),too<span style="color:red">ru</span>
Từ bỏ,止める (やめる),yame<span style="color:red">ru</span>
Gặp mặt,会う (あう),a<span style="color:red">u</span>
Thảo luận,話す (はなす),hanas<span style="color:red">u</span>
Quyết định,決める (きめる),kime<span style="color:red">ru</span>
Chuyển,動かす (うごかす),ugokas<span style="color:red">u</span>
Nâng lên,上げる (あげる),age<span style="color:red">ru</span>
Hạ xuống,下げる (さげる),sage<span style="color:red">ru</span>
Nhìn,見る (みる),mir<span style="color:red">u</span>
Đưa vào,入れる (いれる),ire<span style="color:red">ru</span>
Lấy ra,出す (だす),das<span style="color:red">u</span>
Ngồi,座る (すわる),suwar<span style="color:red">u</span>
Đứng,立つ (たつ),tats<span style="color:red">u</span>
Nằm,寝る (ねる),ne<span style="color:red">ru</span>
Tỉnh dậy,起きる (おきる),oki<span style="color:red">ru</span>
Ăn,食べる (たべる),tabe<span style="color:red">ru</span>
Uống,飲む (のむ),nom<span style="color:red">u</span>
Nhai,噛む (かむ),kam<span style="color:red">u</span>
Nuốt,飲み込む (のみこむ),nomikom<span style="color:red">u</span>
Cắt,切る (きる),kir<span style="color:red">u</span>
Nấu,料理 (りょうり),ryo<span style="color:red">uri</span>
Đun sôi,沸かす (わかす),wakas<span style="color:red">u</span>
Nướng,焼く (やく),yak<span style="color:red">u</span>
Chải,磨く (みがく),migak<span style="color:red">u</span>
Tắm,浴びる (あびる),abi<span style="color:red">ru</span>
Thay đồ,着替える (きがえる),kigae<span style="color:red">ru</span>
Mặc,着る (きる),ki<span style="color:red">ru</span>
Cởi,脱ぐ (ぬぐ),nug<span style="color:red">u</span>
Đội,被る (かぶる),kabu<span style="color:red">ru</span>
Đi giày,履く (はく),hak<span style="color:red">u</span>
Trang điểm,化粧 (けしょう),keshou<span style="color:red"> </span>
Cạo râu,剃る (そる),so<span style="color:red">ru</span>
Chải đầu,梳かす (とかす),tokas<span style="color:red">u</span>
Đi học,登校 (とうこう),toukou<span style="color:red"> </span>
Đi làm,出社 (しゅっしゃ),shussha<span style="color:red"> </span>
Về nhà,帰宅 (きたく),kitak<span style="color:red">u</span>
Ngủ,眠る (ねむる),nemu<span style="color:red">ru</span>
Thức,起きる (おきる),oki<span style="color:red">ru</span>
Chơi,遊ぶ (あそぶ),asob<span style="color:red">u</span>
Học bài,勉強 (べんきょう),benkyou<span style="color:red"> </span>
Đọc sách,読書 (どくしょ),dokusho<span style="color:red"> </span>
Viết,筆記 (ひっき),hikki<span style="color:red"> </span>
Nghe nhạc,聴く (きく),kik<span style="color:red">u</span>
Xem tivi,見る (みる),mir<span style="color:red">u</span>
Đàn,弾く (ひく),hik<span style="color:red">u</span>
Hát,歌う (うたう),utau<span style="color:red"> </span>
Vẽ,描く (かく),kak<span style="color:red">u</span>
Chụp ảnh,撮る (とる),to<span style="color:red">ru</span>
Bơi,泳ぐ (およぐ),oyog<span style="color:red">u</span>
Chạy bộ,走る (はしる),hashi<span style="color:red">ru</span>
Đi bộ,歩く (あるく),aruku<span style="color:red"> </span>
Tập gym,運動 (うんどう),undou<span style="color:red"> </span>
Nhảy,踊る (おどる),odo<span style="color:red">ru</span>
Nói chuyện,喋る (しゃべる),shabe<span style="color:red">ru</span>
Viết,書く (かく),kak<span style="color:red">u</span>
Gửi thư,出す (だす),das<span style="color:red">u</span>
Nhận thư,受け取る (うけとる),uketoru<span style="color:red"> </span>
Dùng máy tính,使う (つかう),tsukau<span style="color:red"> </span>
Lên mạng,見る (みる),mir<span style="color:red">u</span>
Tìm kiếm,検索 (けんさく),kensaku<span style="color:red"> </span>
Lưu,保存 (ほぞん),hozon<span style="color:red"> </span>
Tải xuống,ダウンロード,downloade<span style="color:red">ru</span>
In ấn,印刷 (いんさつ),insatsu<span style="color:red"> </span>
Gọi,呼ぶ (よぶ),yob<span style="color:red">u</span>
Đợi,待つ (まつ),matsu<span style="color:red"> </span>
Gặp,会う (あう),au<span style="color:red"> </span>
Giới thiệu,紹介 (しょうかい),shoukai<span style="color:red"> </span>
Chào,挨拶 (あいさつ),aisatsu<span style="color:red"> </span>
Cảm ơn,感謝 (かんしゃ),kansha<span style="color:red"> </span>
Xin lỗi,謝る (あやまる),ayama<span style="color:red">ru</span>
Đồng ý,賛成 (さんせい),sansei<span style="color:red"> </span>
Từ chối,断る (ことわる),kotowa<span style="color:red">ru</span>
Hỏi,聞く (きく),kiku<span style="color:red"> </span>
Trả lời,答える (こたえる),kotae<span style="color:red">ru</span>
Giải thích,説明 (せつめい),setsumei<span style="color:red"> </span>
Đồng ý,承諾 (しょうだく),shoudaku<span style="color:red"> </span>
Nhắc nhở,注意 (ちゅうい),chuui<span style="color:red"> </span>
Khuyên,勧める (すすめる),susume<span style="color:red">ru</span>
Dạy,教える (おしえる),oshie<span style="color:red">ru</span>
Học,学ぶ (まなぶ),manabu<span style="color:red"> </span>
Luyện tập,練習 (れんしゅう),renshuu<span style="color:red"> </span>
Thi,試験 (しけん),shiken<span style="color:red"> </span>
Đỗ,合格 (ごうかく),goukaku<span style="color:red"> </span>
Trượt,失敗 (しっぱい),shippai<span style="color:red"> </span>
Giúp,助ける (たすける),tasuke<span style="color:red">ru</span>
Hỗ trợ,支援 (しえん),shien<span style="color:red"> </span>
Thăm,訪ねる (たずねる),tazune<span style="color:red">ru</span>
Tiếp đón,迎える (むかえる),mukae<span style="color:red">ru</span>
Tiễn,送る (おくる),okuru<span style="color:red"> </span>
Yêu,愛する (あいする),aisuru<span style="color:red"> </span>
Kết hôn,結婚 (けっこん),kekkon<span style="color:red"> </span>
Ly hôn,離婚 (りこん),rikon<span style="color:red"> </span>
Sinh,生む (うむ),umu<span style="color:red"> </span>
Nuôi,育てる (そだてる),sodate<span style="color:red">ru</span>
Chết,死ぬ (しぬ),shinu<span style="color:red"> </span>
Cưới,祝う (いわう),iwau<span style="color:red"> </span>
Tặng,贈る (おくる),okuru<span style="color:red"> </span>
Đổi,換える (かえる),kae<span style="color:red">ru</span>
Chọn,選ぶ (えらぶ),erabu<span style="color:red"> </span>
Cầm,持つ (もつ),motsu<span style="color:red"> </span>
Đẩy,押す (おす),osu<span style="color:red"> </span>
Kéo,引く (ひく),hiku<span style="color:red"> </span>
Ném,投げる (なげる),nage<span style="color:red">ru</span>
Bắt,捕まえる (つかまえる),tsukamae<span style="color:red">ru</span>
Để,置く (おく),oku<span style="color:red"> </span>
Nhặt,拾う (ひろう),hirou<span style="color:red"> </span>
Đập,叩く (たたく),tataku<span style="color:red"> </span>
Bẻ,折る (おる),oru<span style="color:red"> </span>
Xé,破る (やぶる),yabu<span style="color:red">ru</span>
Dán,貼る (はる),haru<span style="color:red"> </span>
Buộc,結ぶ (むすぶ),musubu<span style="color:red"> </span>
Gỡ,解く (とく),toku<span style="color:red"> </span>
Khoá,閉める (しめる),shime<span style="color:red">ru</span>
Mở,開く (ひらく),hiraku<span style="color:red"> </span>
Sửa,直す (なおす),naosu<span style="color:red"> </span>
Hỏng,壊れる (こわれる),koware<span style="color:red">ru</span>
Bẩn,汚れる (よごれる),yogore<span style="color:red">ru</span>
Sạch,洗う (あらう),arau<span style="color:red"> </span>
Đánh bóng,磨く (みがく),migaku<span style="color:red"> </span>
Vứt,捨てる (すてる),sute<span style="color:red">ru</span>
Phân loại,分ける (わける),wake<span style="color:red">ru</span>
Sắp xếp,並べる (ならべる),narabe<span style="color:red">ru</span>
Trang trí,飾る (かざる),kaz<span style="color:red">aru</span>
Vẽ,描く (かく),k<span style="color:red">aku</span>
Dán,貼る (はる),h<span style="color:red">aru</span>
Cắm,挿す (さす),s<span style="color:red">asu</span>
Gói,包む (つつむ),tsuts<span style="color:red">umu</span>
Giao,渡す (わたす),wat<span style="color:red">asu</span>
Nhận,受け取る (うけとる),uketor<span style="color:red">u</span>
Gửi,送る (おくる),ok<span style="color:red">uru</span>
Vận chuyển,運ぶ (はこぶ),hakob<span style="color:red">u</span>
Chuyển,移る (うつる),utsur<span style="color:red">u</span>
Di chuyển,動く (うごく),ugok<span style="color:red">u</span>
Dừng,止める (とめる),tom<span style="color:red">eru</span>
Đỗ,駐車 (ちゅうしゃ),chuush<span style="color:red">a</span>
Lái,運転 (うんてん),unt<span style="color:red">en</span>
Đi,行く (いく),ik<span style="color:red">u</span>
Đến,来る (くる),k<span style="color:red">uru</span>
Về,帰る (かえる),ka<span style="color:red">eru</span>
Du lịch,旅行 (りょこう),ryok<span style="color:red">ou</span>
Ghé,寄る (よる),y<span style="color:red">oru</span>
Dạo chơi,散歩 (さんぽ),sanp<span style="color:red">o</span>
Bay,飛ぶ (とぶ),tob<span style="color:red">u</span>
Chạy,走る (はしる),hashir<span style="color:red">u</span>
Bơi,泳ぐ (およぐ),oyog<span style="color:red">u</span>
Leo,登る (のぼる),nobor<span style="color:red">u</span>
Trượt,滑る (すべる),suber<span style="color:red">u</span>
Ngã,転ぶ (ころぶ),korob<span style="color:red">u</span>
Va chạm,ぶつかる,butsukar<span style="color:red">u</span>
Trốn,隠れる (かくれる),kakurer<span style="color:red">u</span>
Tìm,探す (さがす),sagas<span style="color:red">u</span>
Thấy,見つける (みつける),mitsuker<span style="color:red">u</span>
Nhìn,見る (みる),mir<span style="color:red">u</span>
Nghe,聞く (きく),kik<span style="color:red">u</span>
Ngửi,嗅ぐ (かぐ),kag<span style="color:red">u</span>
Nếm,舐める (なめる),namer<span style="color:red">u</span>
Sờ,触る (さわる),sawar<span style="color:red">u</span>
Cảm thấy,感じる (かんじる),kanjir<span style="color:red">u</span>
Đau,痛い (いたい),it<span style="color:red">ai</span>
Ngứa,痒い (かゆい),kay<span style="color:red">ui</span>
Lạnh,寒い (さむい),sam<span style="color:red">ui</span>
Nóng,暑い (あつい),ats<span style="color:red">ui</span>
Bình yên,穏やか (おだやか),odayak<span style="color:red">a</span>
Lo âu,不安 (ふあん),fu<span style="color:red">an</span>
Sợ hãi,怖い (こわい),kow<span style="color:red">ai</span>
Xấu hổ,恥ずかしい (はずかしい),hazukash<span style="color:red">ii</span>
Ngạc nhiên,驚く (おどろく),odorok<span style="color:red">u</span>
Hy vọng,願う (ねがう),neg<span style="color:red">au</span>
Tin,信じる (しんじる),shinjir<span style="color:red">u</span>
Nghi ngờ,疑う (うたがう),utag<span style="color:red">au</span>
Thích,好む (このむ),konom<span style="color:red">u</span>
Ghét,嫌う (きらう),kir<span style="color:red">au</span>
Tự hào,誇る (ほこる),hokor<span style="color:red">u</span>
Biết ơn,感謝 (かんしゃ),kansh<span style="color:red">a</span>
Xin lỗi,詫びる (わびる),wabi<span style="color:red">ru</span>
Tha thứ,許す (ゆるす),yurus<span style="color:red">u</span>
Cười,笑う (わらう),wara<span style="color:red">u</span>
Khóc,泣く (なく),nak<span style="color:red">u</span>
Tức giận,怒る (おこる),okor<span style="color:red">u</span>
Yêu,愛 (あい),a<span style="color:red">i</span>
Ghét,憎む (にくむ),nikum<span style="color:red">u</span>
Hạnh phúc,幸せ (しあわせ),shiawas<span style="color:red">e</span>
Thành công,成功 (せいこう),seik<span style="color:red">ou</span>
Thất bại,失敗 (しっぱい),shipp<span style="color:red">ai</span>
Thử thách,挑戦 (ちょうせん),chous<span style="color:red">en</span>
Nỗ lực,努力 (どりょく),doryok<span style="color:red">u</span>
Cố gắng,頑張る (がんばる),ganbar<span style="color:red">u</span>
Đạt được,達成 (たっせい),tasse<span style="color:red">i</span>
Giúp đỡ,協力 (きょうりょく),kyouryok<span style="color:red">u</span>
Đồng ý,賛成 (さんせい),sanse<span style="color:red">i</span>
Phản đối,反対 (はんたい),hanta<span style="color:red">i</span>
Quyết định,決定 (けってい),kette<span style="color:red">i</span>
Thảo luận,議論 (ぎろん),giron<span style="color:red"> </span>
Giải thích,説明 (せつめい),setsume<span style="color:red">i</span>
Nhắc nhở,注意 (ちゅうい),chu<span style="color:red">ui</span>
Cảnh báo,警告 (けいこく),keikok<span style="color:red">u</span>
Hứa,約束 (やくそく),yakusok<span style="color:red">u</span>
Phá vỡ,破る (やぶる),yabur<span style="color:red">u</span>
Tuân thủ,守る (まもる),mamor<span style="color:red">u</span>
Tự do,自由 (じゆう),jiy<span style="color:red">uu</span>
Quyền lợi,権利 (けんり),kenr<span style="color:red">i</span>
Nghĩa vụ,義務 (ぎむ),gim<span style="color:red">u</span>
Luật pháp,法律 (ほうりつ),hourits<span style="color:red">u</span>
Công lý,正義 (せいぎ),seig<span style="color:red">i</span>
Hòa bình,平和 (へいわ),heiw<span style="color:red">a</span>
Chiến tranh,戦争 (せんそう),sens<span style="color:red">ou</span>
Sức mạnh,力 (ちから),chikar<span style="color:red">a</span>
Yếu đuối,弱い (よわい),yow<span style="color:red">ai</span>
Tự tin,自信 (じしん),jish<span style="color:red">in</span>
Hăng hái,熱心 (ねっしん),nessh<span style="color:red">in</span>
Chăm chỉ,勤勉 (きんべん),kinb<span style="color:red">en</span>
Lười biếng,怠慢 (たいまん),taim<span style="color:red">an</span>
Thông minh,賢明 (けんめい),kenme<span style="color:red">i</span>
Ngu ngốc,愚か (おろか),orok<span style="color:red">a</span>
Dũng cảm,勇敢 (ゆうかん),yuuk<span style="color:red">an</span>
Nhút nhát,臆病 (おくびょう),okuby<span style="color:red">ou</span>
Trung thực,正直 (しょうじき),shoujik<span style="color:red">i</span>
Giả dối,嘘 (うそ),us<span style="color:red">o</span>
Tốt bụng,親切 (しんせつ),shinsets<span style="color:red">u</span>
Độc ác,残酷 (ざんこく),zankok<span style="color:red">u</span>
Vẻ đẹp,美 (び),b<span style="color:red">i</span>
Xấu xí,醜い (みにくい),miniku<span style="color:red">i</span>
Sự thật,真実 (しんじつ),shinjit<span style="color:red">su</span>
Lời nói dối,嘘 (うそ),us<span style="color:red">o</span>
Đời sống,生活 (せいかつ),seikats<span style="color:red">u</span>
Gia đình,家族 (かぞく),kazok<span style="color:red">u</span>
Bạn bè,友達 (ともだち),tomodach<span style="color:red">i</span>
Tình yêu,愛 (あい),a<span style="color:red">i</span>
Tình bạn,友情 (ゆうじょう),yuujou<span style="color:red"> </span>
Sức khỏe,健康 (けんこう),kenkou<span style="color:red"> </span>
Bệnh tật,病気 (びょうき),byouki<span style="color:red"> </span>
Thuốc men,薬 (くすり),kusuri<span style="color:red"> </span>
Bác sĩ,医者 (いしゃ),isha<span style="color:red"> </span>
Bệnh viện,病院 (びょういん),byouin<span style="color:red"> </span>
Đời sống,人生 (じんせい),jinsei<span style="color:red"> </span>
Tuổi trẻ,青春 (せいしゅん),seishun<span style="color:red"> </span>
Trưởng thành,成長 (せいちょう),seichou<span style="color:red"> </span>
Già,老人 (ろうじん),roujin<span style="color:red"> </span>
Tử vong,死亡 (しぼう),shibou<span style="color:red"> </span>
Kỷ niệm,思い出 (おもいで),omoid<span style="color:red">e</span>
Tương lai,未来 (みらい),mirai<span style="color:red"> </span>
Quá khứ,過去 (かこ),kako<span style="color:red"> </span>
Hiện tại,現在 (げんざい),genzai<span style="color:red"> </span>
Thời gian,時間 (じかん),jikan<span style="color:red"> </span>
Không gian,空間 (くうかん),kuukan<span style="color:red"> </span>
Địa điểm,場所 (ばしょ),basho<span style="color:red"> </span>
Phương hướng,方向 (ほうこう),houkou<span style="color:red"> </span>
Khoảng cách,距離 (きょり),kyori<span style="color:red"> </span>
Tốc độ,速度 (そくど),sokudo<span style="color:red"> </span>
Nhiệt độ,温度 (おんど),ondo<span style="color:red"> </span>
Độ ẩm,湿度 (しつど),shitsudo<span style="color:red"> </span>
Ánh sáng,光 (ひかり),hikari<span style="color:red"> </span>
Bóng tối,闇 (やみ),yami<span style="color:red"> </span>
Âm thanh,音 (おと),oto<span style="color:red"> </span>
Yên lặng,静寂 (せいじゃく),seijaku<span style="color:red"> </span>
Mùi hương,匂い (におい),nioi<span style="color:red"> </span>
Hương vị,味 (あじ),aji<span style="color:red"> </span>
Hình dạng,形 (かたち),katachi<span style="color:red"> </span>
Kích thước,大きさ (おおきさ),ookisa<span style="color:red"> </span>
Trọng lượng,重さ (おもさ),omosa<span style="color:red"> </span>
Chiều dài,長さ (ながさ),nagasa<span style="color:red"> </span>
Chiều rộng,幅 (はば),haba<span style="color:red"> </span>
Chiều cao,高さ (たかさ),takasa<span style="color:red"> </span>
Độ sâu,深さ (ふかさ),fukasa<span style="color:red"> </span>
Màu sắc,色 (いろ),iro<span style="color:red"> </span>
Số lượng,数 (かず),kazu<span style="color:red"> </span>
Giá trị,価値 (かち),kachi<span style="color:red"> </span>
Tiền bạc,金銭 (きんせん),kinsen<span style="color:red"> </span>
Công việc,仕事 (しごと),shigoto<span style="color:red"> </span>
Học vấn,教育 (きょういく),kyouiku<span style="color:red"> </span>
Nghiên cứu,研究 (けんきゅう),kenkyuu<span style="color:red"> </span>
Kỹ thuật,技術 (ぎじゅつ),gijutsu<span style="color:red"> </span>
Khoa học,科学 (かがく),kagaku<span style="color:red"> </span>
Nghệ thuật,芸術 (げいじゅつ),geijutsu<span style="color:red"> </span>
Văn học,文学 (ぶんがく),bungaku<span style="color:red"> </span>
Lịch sử,歴史 (れきし),rekishi<span style="color:red"> </span>
Địa lý,地理 (ちり),chiri<span style="color:red"> </span>
Xã hội,社会 (しゃかい),shakai<span style="color:red"> </span>
Kinh tế,経済 (けいざい),keizai<span style="color:red"> </span>
Chính trị,政治 (せいじ),seiji<span style="color:red"> </span>
Văn hóa,文化 (ぶんか),bunka<span style="color:red"> </span>
Tôn giáo,宗教 (しゅうきょう),shuukyou<span style="color:red"> </span>
Triết học,哲学 (てつがく),tetsugaku<span style="color:red"> </span>
Tâm lý,心理 (しんり),shinri<span style="color:red"> </span>
Đạo đức,道徳 (どうとく),doutoku<span style="color:red"> </span>
Luật lệ,規則 (きそく),kisoku<span style="color:red"> </span>
Tự nhiên,自然 (しぜん),shizen<span style="color:red"> </span>
Môi trường,環境 (かんきょう),kankyou<span style="color:red"> </span>
Trái đất,地球 (ちきゅう),chikyuu<span style="color:red"> </span>
Vũ trụ,宇宙 (うちゅう),uchuu<span style="color:red"> </span>
Thời tiết,天気 (てんき),tenki<span style="color:red"> </span>
Khí hậu,気候 (きこう),kikou<span style="color:red"> </span>
Động vật,動物 (どうぶつ),doubutsu<span style="color:red"> </span>
Thực vật,植物 (しょくぶつ),shokubutsu<span style="color:red"> </span>
Con người,人間 (にんげん),ningen<span style="color:red"> </span>
Cơ thể,体 (からだ),karada<span style="color:red"> </span>
Tâm hồn,心 (こころ),kokoro<span style="color:red"> </span>
Cảm xúc,感情 (かんじょう),kanjou<span style="color:red"> </span>
Ý chí,意志 (いし),ishi<span style="color:red"> </span>
Tư duy,思考 (しこう),shikou<span style="color:red"> </span>
Ký ức,記憶 (きおく),kioku<span style="color:red"> </span>
Trí tuệ,知能 (ちのう),chinou<span style="color:red"> </span>
Khả năng,能力 (のうりょく),nouryoku<span style="color:red"> </span>
Tài năng,才能 (さいのう),sainou<span style="color:red"> </span>
Thói quen,習慣 (しゅうかん),shuukan<span style="color:red"> </span>
Tính cách,性格 (せいかく),seikaku<span style="color:red"> </span>
Sở thích,趣味 (しゅみ),shumi<span style="color:red"> </span>
Mong muốn,希望 (きぼう),kibou<span style="color:red"> </span>
Mục tiêu,目標 (もくひょう),mokuhyou<span style="color:red"> </span>
Thành công,成功 (せいこう),seikou<span style="color:red"> </span>
Thất bại,失敗 (しっぱい),shippai<span style="color:red"> </span>
Trải nghiệm,経験 (けいけん),keiken<span style="color:red"> </span>
Thử thách,挑戦 (ちょうせん),chousen<span style="color:red"> </span>
Khó khăn,困難 (こんなん),konnan<span style="color:red"> </span>
Giải pháp,解決 (かいけつ),kaiketsu<span style="color:red"> </span>
Cơ hội,機会 (きかい),kikai<span style="color:red"> </span>
Rủi ro,危険 (きけん),kiken<span style="color:red"> </span>
An toàn,安全 (あんぜん),anzen<span style="color:red"> </span>
Bắt đầu,開始 (かいし),kaish<span style="color:red">i</span>
Kết thúc,終了 (しゅうりょう),shuuryou<span style="color:red"> </span>
Thay đổi,変化 (へんか),henka<span style="color:red"> </span>
Phát triển,発展 (はってん),hatten<span style="color:red"> </span>
Giảm sút,衰退 (すいたい),suitai<span style="color:red"> </span>
Tăng trưởng,成長 (せいちょう),seichou<span style="color:red"> </span>
Đứng yên,停滞 (ていたい),teitai<span style="color:red"> </span>
Di chuyển,移動 (いどう),idou<span style="color:red"> </span>
Dừng lại,停止 (ていし),teishi<span style="color:red"> </span>
Tiếp tục,継続 (けいぞく),keizoku<span style="color:red"> </span>
Tạm dừng,中断 (ちゅうだん),chuudan<span style="color:red"> </span>
Bắt đầu lại,再開 (さいかい),saikai<span style="color:red"> </span>
Kết nối,接続 (せつぞく),setsuzoku<span style="color:red"> </span>
Ngắt,切断 (せつだん),setsudan<span style="color:red"> </span>
Liên lạc,連絡 (れんらく),renraku<span style="color:red"> </span>
Giao tiếp,対話 (たいわ),taiwa<span style="color:red"> </span>
Đàm phán,交渉 (こうしょう),koushou<span style="color:red"> </span>
Hợp tác,協力 (きょうりょく),kyouryoku<span style="color:red"> </span>
Cạnh tranh,競争 (きょうそう),kyousou<span style="color:red"> </span>
Xung đột,衝突 (しょうとつ),shoutotsu<span style="color:red"> </span>
Hòa giải,和解 (わかい),wakai<span style="color:red"> </span>
Chiến thắng,勝利 (しょうり),shouri<span style="color:red"> </span>
Thua cuộc,敗北 (はいぼく),haiboku<span style="color:red"> </span>
Quyền lực,権力 (けんりょく),kenryoku<span style="color:red"> </span>
Ảnh hưởng,影響 (えいきょう),eikyou<span style="color:red"> </span>
Kiểm soát,支配 (しはい),shihai<span style="color:red"> </span>
Tự do,自由 (じゆう),jiyuu<span style="color:red"> </span>
Trách nhiệm,責任 (せきにん),sekinin<span style="color:red"> </span>
Nghĩa vụ,義務 (ぎむ),gimu<span style="color:red"> </span>
Quyền lợi,権利 (けんり),kenri<span style="color:red"> </span>
Luật pháp,法律 (ほうりつ),houritsu<span style="color:red"> </span>
Công lý,正義 (せいぎ),seigi<span style="color:red"> </span>
Hòa bình,平和 (へいわ),heiwa<span style="color:red"> </span>
Chiến tranh,戦争 (せんそう),sensou<span style="color:red"> </span>
Độc lập,独立 (どくりつ),dokuritsu<span style="color:red"> </span>
Liên minh,同盟 (どうめい),doumei<span style="color:red"> </span>
Quốc gia,国家 (こっか),kokka<span style="color:red"> </span>
Dân chủ,民主 (みんしゅ),minshu<span style="color:red"> </span>
Chính trị,政治 (せいじ),seiji<span style="color:red"> </span>
Kinh tế,経済 (けいざい),keizai<span style="color:red"> </span>
Thương mại,貿易 (ぼうえき),boueki<span style="color:red"> </span>
Tài chính,金融 (きんゆう),kinyuu<span style="color:red"> </span>
Sản xuất,生産 (せいさん),seisan<span style="color:red"> </span>
Tiêu thụ,消費 (しょうひ),shouhi<span style="color:red"> </span>
Giá cả,価格 (かかく),kakaku<span style="color:red"> </span>
Lợi nhuận,利益 (りえき),rieki<span style="color:red"> </span>
Đầu tư,投資 (とうし),toushi<span style="color:red"> </span>
Dịch vụ,サービス,saabis<span style="color:red">u</span>
Công nghệ,技術 (ぎじゅつ),gijutsu<span style="color:red"> </span>
Khoa học,科学 (かがく),kagaku<span style="color:red"> </span>
Phát minh,発明 (はつめい),hatsumei<span style="color:red"> </span>
Đổi mới,革新 (かくしん),kakushin<span style="color:red"> </span>
Thông tin,情報 (じょうほう),jouhou<span style="color:red"> </span>
Truyền thông,メディア,media<span style="color:red"> </span>
Mạng lưới,ネットワーク,nettowaa<span style="color:red">ku</span>
Máy tính,コンピュータ,konpyuut<span style="color:red">a</span>
Phần mềm,ソフトウェア,sofutowea<span style="color:red"> </span>
Dữ liệu,データ,deeta<span style="color:red"> </span>
Internet,インターネット,intaanett<span style="color:red">o</span>
Trí tuệ nhân tạo,人工知能 (じんこうちのう),jinkouchin<span style="color:red">ou</span>
Tương lai,未来 (みらい),mirai<span style="color:red"> </span>
Quá khứ,過去 (かこ),kako<span style="color:red"> </span>
Hiện tại,現在 (げんざい),genzai<span style="color:red"> </span>
Văn hóa,文化 (ぶんか),bunka<span style="color:red"> </span>
Nghệ thuật,芸術 (げいじゅつ),geijutsu<span style="color:red"> </span>
Âm nhạc,音楽 (おんがく),ongaku<span style="color:red"> </span>
Hội họa,絵画 (かいが),kaiga<span style="color:red"> </span>
Điện ảnh,映画 (えいが),eiga<span style="color:red"> </span>
Văn học,文学 (ぶんがく),bungaku<span style="color:red"> </span>
Kiến trúc,建築 (けんちく),kenchiku<span style="color:red"> </span>
Thiết kế,デザイン,dezai<span style="color:red">n</span>
Thời trang,ファッション,fasshon<span style="color:red"> </span>
Ẩm thực,食文化 (しょくぶんか),shokubunka<span style="color:red"> </span>
Thể thao,スポーツ,supootsu<span style="color:red"> </span>
Giải trí,娯楽 (ごらく),goraku<span style="color:red"> </span>
Du lịch,旅行 (りょこう),ryokou<span style="color:red"> </span>
Lễ hội,祭り (まつり),matsuri<span style="color:red"> </span>
Phong tục,習慣 (しゅうかん),shuukan<span style="color:red"> </span>
Tín ngưỡng,信仰 (しんこう),shinkou<span style="color:red"> </span>
Tôn giáo,宗教 (しゅうきょう),shuukyou<span style="color:red"> </span>
Triết học,哲学 (てつがく),tetsugaku<span style="color:red"> </span>
Đạo đức,道徳 (どうとく),doutoku<span style="color:red"> </span>
Tâm lý,心理 (しんり),shinri<span style="color:red"> </span>
Cảm xúc,感情 (かんじょう),kanjou<span style="color:red"> </span>
Ý chí,意志 (いし),ishi<span style="color:red"> </span>
Tư duy,思考 (しこう),shikou<span style="color:red"> </span>
Trí tuệ,知恵 (ちえ),chie<span style="color:red"> </span>
Khả năng,能力 (のうりょく),nouryoku<span style="color:red"> </span>
Tài năng,才能 (さいのう),sainou<span style="color:red"> </span>
Tính cách,性格 (せいかく),seikaku<span style="color:red"> </span>
Sở thích,趣味 (しゅみ),shumi<span style="color:red"> </span>
Mong ước,願い (ねがい),negai<span style="color:red"> </span>
Mục tiêu,目標 (もくひょう),mokuhyou<span style="color:red"> </span>
Thành công,成功 (せいこう),seikou<span style="color:red"> </span>
Thất bại,失敗 (しっぱい),shippai<span style="color:red"> </span>
Kinh nghiệm,経験 (けいけん),keiken<span style="color:red"> </span>
Thử thách,挑戦 (ちょうせん),chousen<span style="color:red"> </span>
Khó khăn,困難 (こんなん),konnan<span style="color:red"> </span>
Giải pháp,解決 (かいけつ),kaikets<span style="color:red">u</span>
Cơ hội,機会 (きかい),kikai<span style="color:red"> </span>
Rủi ro,危険 (きけん),kiken<span style="color:red"> </span>
An toàn,安全 (あんぜん),anzen<span style="color:red"> </span>
Bảo vệ,保護 (ほご),hogo<span style="color:red"> </span>
Phát hiện,発見 (はっけん),hakken<span style="color:red"> </span>
Tìm kiếm,検索 (けんさく),kensaku<span style="color:red"> </span>
Lưu trữ,保存 (ほぞん),hozon<span style="color:red"> </span>
Cập nhật,更新 (こうしん),koushin<span style="color:red"> </span>
Xóa,削除 (さくじょ),sakujo<span style="color:red"> </span>
Kết nối,接続 (せつぞく),setsuzoku<span style="color:red"> </span>
Cài đặt,設定 (せってい),settei<span style="color:red"> </span>
Mở,開く (ひらく),hiraku<span style="color:red"> </span>
Đóng,閉じる (とじる),tojiru<span style="color:red"> </span>
Bắt đầu,起動 (きどう),kidou<span style="color:red"> </span>
Kết thúc,終了 (しゅうりょう),shuuryou<span style="color:red"> </span>
Lưu,記録 (きろく),kiroku<span style="color:red"> </span>
Chỉnh sửa,編集 (へんしゅう),henshuu<span style="color:red"> </span>
Sao chép,複写 (ふくしゃ),fukusha<span style="color:red"> </span>
Di chuyển,移動 (いどう),idou<span style="color:red"> </span>
Tải lên,アップロード,appurood<span style="color:red">o</span>
Tải xuống,ダウンロード,downloade<span style="color:red">ru</span>
In,印刷 (いんさつ),insatsu<span style="color:red"> </span>
Gửi,送信 (そうしん),soushin<span style="color:red"> </span>
Nhận,受信 (じゅしん),jushin<span style="color:red"> </span>
Xác nhận,確認 (かくにん),kakunin<span style="color:red"> </span>
Đăng nhập,ログイン,roguin<span style="color:red"> </span>
Đăng xuất,ログアウト,roguauto<span style="color:red"> </span>
Tài khoản,口座 (こうざ),kouza<span style="color:red"> </span>
Mật khẩu,パスワード,pasuwaado<span style="color:red"> </span>
Người dùng,利用者 (りようしゃ),riyousha<span style="color:red"> </span>
Máy chủ,サーバー,saabaa<span style="color:red"> </span>
Mạng,ネットワーク,nettowaaku<span style="color:red"> </span>
Web,ウェブ,uebu<span style="color:red"> </span>
Trang,ページ,peiji<span style="color:red"> </span>
Liên kết,リンク,rinku<span style="color:red"> </span>
Tìm kiếm,検索 (けんさく),kensaku<span style="color:red"> </span>
Dữ liệu,データ,deeta<span style="color:red"> </span>
Thông tin,情報 (じょうほう),jouhou<span style="color:red"> </span>
Phân tích,分析 (ぶんせき),bunseki<span style="color:red"> </span>
Kết quả,結果 (けっか),kekka<span style="color:red"> </span>
Ví dụ,例 (れい),rei<span style="color:red"> </span>
Nội dung,内容 (ないよう),naiyou<span style="color:red"> </span>
Chi tiết,詳細 (しょうさい),shousai<span style="color:red"> </span>
Tóm tắt,要約 (ようやく),youyaku<span style="color:red"> </span>
Định nghĩa,定義 (ていぎ),teigi<span style="color:red"> </span>
Cách dùng,用法 (ようほう),youhou<span style="color:red"> </span>
Từ vựng,語彙 (ごい),goi<span style="color:red"> </span>
Ngữ pháp,文法 (ぶんぽう),bunpou<span style="color:red"> </span>
Phát âm,発音 (はつおん),hatsuon<span style="color:red"> </span>
Hội thoại,会話 (かいわ),kaiwa<span style="color:red"> </span>
Đọc hiểu,読解 (どっかい),dokkai<span style="color:red"> </span>
Nghe hiểu,聴解 (ちょうかい),choukai<span style="color:red"> </span>
Viết,作文 (さくぶん),sakubun<span style="color:red"> </span>
Dịch,翻訳 (ほんやく),honyaku<span style="color:red"> </span>
Từ điển,辞書 (じしょ),jisho<span style="color:red"> </span>
Sách giáo khoa,教科書 (きょうかしょ),kyoukasho<span style="color:red"> </span>
Học,学習 (がくしゅう),gakushuu<span style="color:red"> </span>
Luyện tập,練習 (れんしゅう),renshuu<span style="color:red"> </span>
Kiểm tra,テスト,tesuto<span style="color:red"> </span>
Chứng chỉ,資格 (しかく),shikaku<span style="color:red"> </span>
Trường,学校 (がっこう),gakkou<span style="color:red"> </span>
Lớp học,教室 (きょうしつ),kyoushitsu<span style="color:red"> </span>
Giáo viên,先生 (せんせい),sensei<span style="color:red"> </span>
Học sinh,生徒 (せいと),seito<span style="color:red"> </span>
Công việc,仕事 (しごと),shigoto<span style="color:red"> </span>
Doanh nghiệp,企業 (きぎょう),kigyou<span style="color:red"> </span>
Cấp trên,上司 (じょうし),joushi<span style="color:red"> </span>
Đồng nghiệp,同僚 (どうりょう),douryou<span style="color:red"> </span>
Cuộc họp,会議 (かいぎ),kaigi<span style="color:red"> </span>
Dự án,企画 (きかく),kikaku<span style="color:red"> </span>
Hợp đồng,契約 (けいやく),keiyaku<span style="color:red"> </span>
Doanh thu,売上 (うりあげ),uriage<span style="color:red"> </span>
Lợi nhuận,利益 (りえき),rieki<span style="color:red"> </span>
Thị trường,市場 (しじょう),shijou<span style="color:red"> </span>
Đối thủ,競合 (きょうごう),kyougou<span style="color:red"> </span>
Khách hàng,顧客 (こきゃく),kokyaku<span style="color:red"> </span>
Dịch vụ,サービス,saabisu<span style="color:red"> </span>
Sản phẩm,製品 (せいひん),seihin<span style="color:red"> </span>
Quảng cáo,広告 (こうこく),koukoku<span style="color:red"> </span>
Phát triển,開発 (かいはつ),kaihatsu<span style="color:red"> </span>
Sản xuất,製造 (せいぞう),seizou<span style="color:red"> </span>
Bán hàng,販売 (はんばい),hanbai<span style="color:red"> </span>
Marketing,マーケティング,maaketingu<span style="color:red"> </span>
Quản lý,管理 (かんり),kanri<span style="color:red"> </span>
Nhân sự,人事 (じんじ),jinji<span style="color:red"> </span>
Tài chính,財務 (ざいむ),zaimu<span style="color:red"> </span>
Kế toán,会計 (かいけい),kaikei<span style="color:red"> </span>
Kế hoạch,計画 (けいかく),keikaku<span style="color:red"> </span>
Mục tiêu,目標 (もくひょう),mokuhyou<span style="color:red"> </span>
Tiến độ,進捗 (しんちょく),shinchoku<span style="color:red"> </span>
Vấn đề,課題 (かだい),kadai<span style="color:red"> </span>
Rủi ro,リスク,risuku<span style="color:red"> </span>
Giải pháp,対応 (たいおう),taiou<span style="color:red"> </span>
Quyết định,決定 (けってい),kettei<span style="color:red"> </span>
Giao tiếp,伝達 (でんたつ),dentatsu<span style="color:red"> </span>
Báo cáo,報告 (ほうこく),houkoku<span style="color:red"> </span>
Liên lạc,連絡 (れんらく),renraku<span style="color:red"> </span>
Hội thảo,セミナー,seminaa<span style="color:red"> </span>
Hội nghị,会議 (かいぎ),kaig<span style="color:red">i</span>
Thuyết trình,発表 (はっぴょう),happyou<span style="color:red"> </span>
Đàm phán,交渉 (こうしょう),koushou<span style="color:red"> </span>
Hợp đồng,契約 (けいやく),keiyaku<span style="color:red"> </span>
Ký kết,締結 (ていけつ),teiketsu<span style="color:red"> </span>
Thương lượng,調整 (ちょうせい),chousei<span style="color:red"> </span>
Thỏa thuận,合意 (ごうい),goui<span style="color:red"> </span>
Văn phòng,事務所 (じむしょ),jimusho<span style="color:red"> </span>
Máy in,プリンター,purintaa<span style="color:red"> </span>
Máy fax,ファックス,fakkusu<span style="color:red"> </span>
Điện thoại,電話機 (でんわき),denwaki<span style="color:red"> </span>
Thư,手紙 (てがみ),tegami<span style="color:red"> </span>
Email,メール,meeru<span style="color:red"> </span>
Tài liệu,資料 (しりょう),shiryou<span style="color:red"> </span>
Hồ sơ,書類 (しょるい),shorui<span style="color:red"> </span>
Bút,ペン,pen<span style="color:red"> </span>
Giấy,紙 (かみ),kami<span style="color:red"> </span>
Kẹp,クリップ,kurippu<span style="color:red"> </span>
Máy tính,パソコン,pasokon<span style="color:red"> </span>
Bàn,机 (つくえ),tsukue<span style="color:red"> </span>
Ghế,椅子 (いす),isu<span style="color:red"> </span>
Tủ,棚 (たな),tana<span style="color:red"> </span>
Đèn,照明 (しょうめい),shoumei<span style="color:red"> </span>
Điều hòa,エアコン,eakon<span style="color:red"> </span>
Thang máy,エレベーター,erebeetaa<span style="color:red"> </span>
Cầu thang,階段 (かいだん),kaidan<span style="color:red"> </span>
Lối ra,出口 (でぐち),deguchi<span style="color:red"> </span>
Lối vào,入口 (いりぐち),iriguchi<span style="color:red"> </span>
Nhà vệ sinh,トイレ,toire<span style="color:red"> </span>
Tiếp tân,受付 (うけつけ),uketsuke<span style="color:red"> </span>
Phòng họp,会議室 (かいぎしつ),kaigishitsu<span style="color:red"> </span>
Nhà bếp,台所 (だいどころ),daidokoro<span style="color:red"> </span>
Phòng ăn,食堂 (しょくどう),shokudou<span style="color:red"> </span>
Phòng ngủ,寝室 (しんしつ),shinshitsu<span style="color:red"> </span>
Phòng tắm,浴室 (よくしつ),yokushitsu<span style="color:red"> </span>
Nhà,家 (いえ),ie<span style="color:red"> </span>
Cửa,ドア,doa<span style="color:red"> </span>
Cửa sổ,窓 (まど),mado<span style="color:red"> </span>
Tường,壁 (かべ),kabe<span style="color:red"> </span>
Trần,天井 (てんじょう),tenjou<span style="color:red"> </span>
Sàn,床 (ゆか),yuka<span style="color:red"> </span>
Gương,鏡 (かがみ),kagami<span style="color:red"> </span>
Khăn,タオル,taoru<span style="color:red"> </span>
Xà phòng,石鹸 (せっけん),sekken<span style="color:red"> </span>
Bàn chải,歯ブラシ,haburashi<span style="color:red"> </span>
Kem đánh răng,歯磨き粉 (はみがきこ),hamigakiko<span style="color:red"> </span>
Lược,櫛 (くし),kushi<span style="color:red"> </span>
Giường,ベッド,beddo<span style="color:red"> </span>
Chăn,布団 (ふとん),futon<span style="color:red"> </span>
Gối,枕 (まくら),makura<span style="color:red"> </span>
Rèm,カーテン,kaaten<span style="color:red"> </span>
Tủ lạnh,冷蔵庫 (れいぞうこ),reizouko<span style="color:red"> </span>
Lò vi sóng,電子レンジ,denshirenji<span style="color:red"> </span>
Bếp ga,ガスコンロ,gasukonro<span style="color:red"> </span>
Nồi,鍋 (なべ),nabe<span style="color:red"> </span>
Chảo,フライパン,furaipan<span style="color:red"> </span>
Bát,茶碗 (ちゃわん),chawan<span style="color:red"> </span>
Đĩa,皿 (さら),sara<span style="color:red"> </span>
Cốc,コップ,koppu<span style="color:red"> </span>
Đũa,箸 (はし),hashi<span style="color:red"> </span>
Thìa,スプーン,supuun<span style="color:red"> </span>
Dao,ナイフ,naifu<span style="color:red"> </span>
Tủ quần áo,箪笥 (たんす),tansu<span style="color:red"> </span>
Móc áo,ハンガー,hangaa<span style="color:red"> </span>
Giặt,洗濯機 (せんたくき),sentakuki<span style="color:red"> </span>
Máy hút bụi,掃除機 (そうじき),soujiki<span style="color:red"> </span>
Bàn ủi,アイロン,airon<span style="color:red"> </span>
Đồng hồ,時計 (とけい),tokei<span style="color:red"> </span>
Lịch,カレンダー,karendaa<span style="color:red"> </span>
Túi,バッグ,baggu<span style="color:red"> </span>
Ví,財布 (さいふ),saifu<span style="color:red"> </span>
Dù,傘 (かさ),kasa<span style="color:red"> </span>
Kính,眼鏡 (めがね),megane<span style="color:red"> </span>
Nhẫn,指輪 (ゆびわ),yubiwa<span style="color:red"> </span>
Khẩu trang,マスク,masuku<span style="color:red"> </span>
Giày,靴 (くつ),kutsu<span style="color:red"> </span>
Tất,靴下 (くつした),kutsushita<span style="color:red"> </span>
Áo,シャツ,shatsu<span style="color:red"> </span>
Quần,ズボン,zubon<span style="color:red"> </span>
Váy,スカート,sukaato<span style="color:red"> </span>
Mũ,帽子 (ぼうし),boushi<span style="color:red"> </span>
Găng tay,手袋 (てぶくろ),tebukuro<span style="color:red"> </span>
Khăn quàng,マフラー,mafuraa<span style="color:red"> </span>
Cà vạt,ネクタイ,nekutai<span style="color:red"> </span>
Thắt lưng,ベルト,beruto<span style="color:red"> </span>
Đồ chơi,玩具 (おもちゃ),omocha<span style="color:red"> </span>
Dụng cụ,道具 (どうぐ),dougu<span style="color:red"> </span>
Khóa,鍵 (かぎ),kagi<span style="color:red"> </span>
Đèn pin,懐中電灯 (かいちゅうでんとう),kaichuudentou<span style="color:red"> </span>
Pin,電池 (でんち),denchi<span style="color:red"> </span>
Dây,紐 (ひも),himo<span style="color:red"> </span>
Băng dính,テープ,teepu<span style="color:red"> </span>
Keo,糊 (のり),nori<span style="color:red"> </span>
Kéo,鋏 (はさみ),hasami<span style="color:red"> </span>
Thước,定規 (じょうぎ),jougi<span style="color:red"> </span>
Thùng rác,ゴミ箱 (ごみばこ),gomibako<span style="color:red"> </span>
Chìa,鍵 (かぎ),kagi<span style="color:red"> </span>
Nút,ボタン,botan<span style="color:red"> </span>
Chốt,栓 (せん),sen<span style="color:red"> </span>
Nghia,TiengNhat,Romaji,PitchAccent
Ăn sáng,朝ごはん,asagohan,asogoh<span style="color:red">an</span>
Ăn trưa,昼ごはん,hirugohan,hirugoh<span style="color:red">an</span>
Ăn tối,晩ごはん,bangohan,bangoh<span style="color:red">an</span>
Ngày mai,明日,ashita,ash<span style="color:red">ita</span>
Hôm nay,今日,kyou,ky<span style="color:red">ou</span>
Hôm qua,昨日,kinou,kin<span style="color:red">ou</span>
Ngày kia,明後日,asatte,asatt<span style="color:red">e</span>
Sáng nay,今朝,kesa,kes<span style="color:red">a</span>
Trưa nay,今日の昼,kyounohiru,kyounohir<span style="color:red">u</span>
Tối nay,今晩,konban,konb<span style="color:red">an</span>
Tuần này,今週,konshuu,konsh<span style="color:red">uu</span>
Tuần tới,来週,raishuu,raish<span style="color:red">uu</span>
Tháng sau,来月,raigetsu,raigets<span style="color:red">u</span>
Năm sau,来年,rainen,rain<span style="color:red">en</span>
Ăn,食べる,taberu,tab<span style="color:red">eru</span>
Uống,飲む,nomu,n<span style="color:red">omu</span>
Xem,見る,miru,m<span style="color:red">iru</span>
Nghe,聞く,kiku,k<span style="color:red">iku</span>
Đọc,読む,yomu,y<span style="color:red">omu</span>
Viết,書く,kaku,k<span style="color:red">aku</span>
Mua,買う,kau,k<span style="color:red">au</span>
Chụp ảnh,撮る,toru,t<span style="color:red">oru</span>
Làm,する,suru,s<span style="color:red">uru</span>
Gặp gỡ,会う,au,a<span style="color:red">u</span>
Đi,行く,iku,i<span style="color:red">ku</span>
Đến,来る,kuru,k<span style="color:red">uru</span>
Công việc,仕事,shigoto,shig<span style="color:red">oto</span>
Trường học,学校,gakkou,gakk<span style="color:red">ou</span>
Bạn bè,友達,tomodachi,tomod<span style="color:red">achi</span>
Thầy giáo,先生,sensei,sens<span style="color:red">ei</span>
Học sinh,学生,gakusei,gakus<span style="color:red">ei</span>
Máy tính,パソコン,pasokon,pas<span style="color:red">okon</span>
Điện thoại,電話,denwa,denw<span style="color:red">a</span>
Nhà,家,ie,i<span style="color:red">e</span>
Nóng,熱い,atsui,ats<span style="color:red">ui</span>
Lạnh,寒い,samui,sam<span style="color:red">ui</span>
Mới,新しい,atarashii,atarash<span style="color:red">ii</span>
Cũ,古い,furui,fur<span style="color:red">ui</span>
Lớn,大きい,ookii,ook<span style="color:red">ii</span>
Nhỏ,小さい,chiisai,chiis<span style="color:red">ai</span>
Đẹp,綺麗,kirei,kir<span style="color:red">ei</span>
Khó,難しい,muzukashii,muzukash<span style="color:red">ii</span>
Dễ,易しい,yasashii,yasash<span style="color:red">ii</span>
Xe hơi,車,kuruma,kur<span style="color:red">uma</span>
Con mèo,猫,neko,n<span style="color:red">eko</span>
Con chó,犬,inu,in<span style="color:red">u</span>
Bầu trời,空,sora,s<span style="color:red">ora</span>
Biển,海,umi,um<span style="color:red">i</span>
Núi,山,yama,yam<span style="color:red">a</span>
Sông,川,kawa,kaw<span style="color:red">a</span>
